UAV ID,Ture ID,Predict ID,Distance
0,0,0,5.993135249276421
1,0,0,5.340580654033415
2,1,0,5.224265277997669
3,1,0,5.528034769648758
4,1,1,5.278810924786745
5,1,1,5.806278405197666
6,2,1,5.073990533067993
7,2,2,7.162331262637086
8,2,2,5.99187132601359
9,2,2,4.640742866242935
10,3,2,5.6565770482285895
11,3,2,7.270962029225449
12,3,3,5.300171956448325
13,3,3,5.796387204168078
14,4,3,5.156528797929927
15,4,4,6.087725831611977
16,4,4,5.24664104529661
17,4,4,5.4034332908296205
18,5,4,5.692409401856221
19,5,5,6.333712756990009
20,5,5,5.6945852359572555
21,5,5,5.21209616451945
22,6,6,7.724302864522963
23,6,6,8.301573531729398
24,6,6,6.539433089193208
25,6,6,7.732435736643162
26,7,7,8.069826519167261
27,7,7,7.432539461759694
28,7,7,7.8693538398793015
29,7,7,8.649590726036486
30,8,8,8.50880677437151
31,8,8,8.553942899722257
32,8,8,9.035360712517113
33,8,8,9.821214540646327
34,9,9,9.019193731531983
35,9,9,9.851829196226875
36,9,9,9.796021465432238
37,9,10,9.783436593607812
38,10,10,9.696780007557114
39,10,10,9.78980540219099
40,10,10,9.405598779485016
41,11,11,10.561399559652157
42,11,11,9.373727528945404
43,11,11,9.638464812991524
44,11,12,10.185169657365995
45,12,12,8.916487993816087
46,12,12,8.42074555305309
47,12,12,9.882793155010894
48,12,13,9.388206450868077
49,13,13,9.51178471697319
50,13,13,9.366900165027355
51,13,13,9.080141577070206
52,13,14,9.337497216298726
53,14,14,8.487918012702243
54,14,14,8.218491583413636
55,14,14,8.56174525311832
56,14,15,8.75862454934426
57,15,15,8.150671432370364
58,15,15,7.4056235506012715
59,15,16,7.779747487564582
60,15,16,8.26995419376123
61,16,16,6.999128908483993
62,16,16,5.970469877915163
63,16,16,7.66345071563965
64,16,17,6.942817392201251
65,17,17,6.456085981422428
66,17,17,6.690826042366848
67,17,17,6.824140036972535
68,17,18,6.215357564916142
69,18,18,5.719874784742507
70,18,18,5.835361972518433
71,18,18,6.740823321089929
72,18,19,6.692059644999677
73,19,19,5.085967752014009
74,19,19,6.059694078124405
75,19,19,6.662638823768883
76,19,20,5.786387156477556
77,20,20,5.74503432554452
78,20,20,6.026536980012546
79,20,21,6.7727148599231874
80,21,21,6.273776158902202
81,21,21,5.506496524198019
82,21,21,6.32287769964593
83,21,22,6.514487907789823
84,22,22,5.861238633618139
85,22,22,5.77490545516504
86,22,22,6.834864335427329
87,22,23,6.520486038637849
88,23,23,5.604614472904865
89,23,23,6.044120552160877
90,23,23,7.095412187287763
91,23,24,6.359982565861292
92,24,24,6.13391204108905
93,24,24,6.25285890439146
94,24,24,6.926996224640028
95,24,25,6.887348320982135
96,25,25,6.308618889638986
97,25,25,6.030696592271923
98,25,25,7.143253798937191
99,25,26,6.747453973925285
100,26,26,6.4173779988447155
101,26,26,6.158149239915784
102,26,27,7.1958489710253275
103,26,27,6.541574902030698
104,27,27,5.97798671165672
105,27,27,6.0107353049656425
106,27,27,7.0213720432873785
107,27,28,5.530659467807418
108,28,28,4.896560631476044
109,28,28,5.728808233961181
110,28,29,6.018538349460738
111,28,29,5.02795003386402
112,29,29,4.585492274186114
113,29,29,4.7079128856629655
114,29,30,4.841038692457431
115,29,30,4.248637547726207
116,30,30,3.403487443343464
117,30,30,5.274843735313235
118,30,31,5.024912262083999
119,31,31,4.162689230217844
120,31,31,4.132195315141683
121,31,31,5.31209074036648
122,31,32,3.919539480383254
123,32,32,4.164820419880621
124,32,32,5.03995947510749
125,32,33,5.592732479836756
126,32,33,4.640236913032217
127,33,33,4.541177157123449
128,33,33,5.402128181536257
129,33,34,5.432830345004992
130,33,34,5.013471001906716
131,34,34,5.228700512222
132,34,35,6.570530660753175
133,34,35,5.335741198140259
134,34,35,6.082180875360724
135,35,35,6.134717170578022
136,35,36,6.976493008063646
137,35,36,6.481920306233438
138,35,36,7.323320268723293
139,36,36,7.95141959116352
140,36,37,7.800538393854896
141,36,37,7.679783306926105
142,36,37,7.97828065897988
143,37,37,10.114389569087416
144,37,38,9.734088464834393
145,37,38,8.804598811504386
146,37,38,10.327621013400273
147,38,39,11.072076488152671
148,38,39,10.869419677940325
149,38,39,10.978093829246536
150,38,39,11.812095108997816
151,39,40,12.15710415198419
152,39,40,11.719974002593316
153,39,40,12.9820966947615
154,39,41,13.275926751762917
155,40,41,13.335130303229922
156,40,41,12.475678646429971
157,40,41,12.966953376235912
158,41,41,12.739801565374613
159,41,41,12.736801313472125
160,41,42,13.051147395376015
161,41,42,12.373980561764597
162,42,42,13.091343277449212
163,42,43,13.641191260313656
164,42,43,11.872209989902544
165,42,43,10.929187767078794
166,43,44,12.877808259750358
167,43,44,12.009894357789832
168,43,44,10.629571762492944
169,43,44,10.525803343934376
170,44,44,11.401954135786013
171,44,45,10.36525246915791
172,44,45,11.177250830627058
173,44,45,10.02971598341241
174,45,45,10.193576359910814
175,45,46,10.499402729947938
176,45,46,9.196512794512492
177,45,46,8.756237013761872
178,46,46,9.865079730723009
179,46,46,10.335962662376522
180,46,47,9.008594860194076
181,46,47,9.917637688363616
182,47,47,9.255137766022937
183,47,47,10.17607651143028
184,47,47,9.923566278470048
185,47,48,10.291795774979674
186,48,48,10.056479134138616
187,48,48,10.53893241125354
188,48,49,10.267396072376394
189,48,49,10.448786510137928
190,49,49,9.852077803336243
191,49,49,10.192895329806358
192,49,50,10.824839783694683
193,49,50,10.236976674925412
194,50,50,9.916865538976856
195,50,50,10.34625394819727
196,50,51,10.466814347768933
197,50,51,10.030735414683528
198,51,51,9.446555266057423
199,51,51,10.202938877413679
200,51,52,10.810000684566164
201,51,52,9.987837886452873
202,52,52,9.854146742953915
203,52,52,10.700518306604044
204,52,53,10.708318285590298
205,52,53,9.884165155211466
206,53,53,10.044131609311387
207,53,53,10.637748099179221
208,53,54,10.56165762807019
209,53,54,10.161992741275192
210,54,54,10.22474447438242
211,54,54,10.34771209330375
212,54,55,10.838854363036738
213,54,55,9.663016571756856
214,55,55,9.4904903197201
215,55,55,9.941552940749702
216,55,56,10.31822131525511
217,55,56,10.330313639391198
218,56,56,10.521692545531673
219,56,56,10.630026585487583
220,56,57,10.109665946927636
221,56,57,10.109621701639451
222,57,57,10.031913255055429
223,57,57,10.88308424203458
224,57,58,10.766057470907555
225,57,58,11.030411486207187
226,58,58,11.094622828643148
227,58,59,11.617970754409018
228,58,59,11.338006060568738
229,58,59,11.626695948178673
230,59,59,10.905904211001985
231,59,59,11.534906311170149
232,59,59,12.362370905771133
233,59,60,11.536120766230008
234,60,60,11.613969959705141
235,60,60,11.9414096844905
236,60,61,12.077522157621564
237,60,61,10.897405325225682
238,61,61,11.464590151435686
239,61,61,11.565940815059193
240,61,61,12.344448762159772
241,61,62,11.330319892607527
242,62,62,11.982142045850425
243,62,62,12.01462962027517
244,62,63,11.708075698560691
245,62,63,11.392254240763137
246,63,63,12.01327193687472
247,63,64,11.907884639312874
248,63,64,11.302533544969744
249,63,64,11.228843164738686
250,64,64,11.30936692248444
251,64,64,11.89588128338145
252,64,65,12.537206779459153
253,64,65,11.634708065841854
254,65,65,12.028923538973862
255,65,65,12.24337374007951
256,65,66,11.951486743685244
257,65,66,11.958133590080765
258,66,66,12.130406147862015
259,66,67,12.01673491511557
260,66,67,11.63035145811066
261,66,67,11.303003039676312
262,67,67,11.605017246906796
263,67,68,10.99475359436478
264,67,68,11.618452371113623
265,67,68,11.448697295512803
266,68,68,10.85166955290056
267,68,68,10.790916889934303
268,68,69,10.082131206935449
269,68,69,9.921816783186529
270,69,69,8.697177629319611
271,69,69,9.18160232478343
272,69,70,8.734582365003215
273,69,70,7.480723158606874
274,70,70,7.207980559664099
275,70,70,7.813204609865783
276,70,71,7.289609302419612
277,70,71,8.068671076324176
278,71,71,6.158918460347129
279,71,71,5.488999810748709
280,71,71,5.631955333402083
281,71,72,4.304339204016731
282,72,72,4.2168676198537725
283,72,72,3.6637837942532476
284,72,72,4.257383774496031
285,72,73,4.824950293919584
286,73,73,1.8951770739222535
287,73,73,1.206751012078967
288,73,73,3.7439300859297284
289,73,74,1.3906040206810772
290,74,74,2.6981432625132022
291,74,74,2.15281792122021
292,74,74,2.554197588606314
293,74,75,3.3271952050714724
294,75,75,2.120315124832429
295,75,75,1.1391481799711414
296,75,75,2.4961202753834546
297,75,76,4.990113019879031
298,76,76,3.475446162919494
299,76,76,3.272043075200106
300,76,76,3.4954461019959804
301,76,76,5.035729183328666
302,77,77,3.3171066678122507
303,77,77,5.40889196070537
304,77,78,6.639151008945018
305,77,78,5.104795991378651
306,78,78,4.1804650812052415
307,78,78,4.311718504657598
308,78,78,5.685762108524728
309,78,78,5.496146330809829
310,79,79,5.874969895158428
311,79,79,4.9756781441770865
312,79,79,5.679907921610993
313,79,79,6.576342500725627
314,80,80,6.603687934707123
315,80,80,5.39516510071906
316,80,80,5.722777855385826
317,80,80,6.033034892051581
318,81,80,6.890898391925097
319,81,81,6.096028198088182
320,81,81,7.118135796059343
321,81,81,6.7970301436730844
322,82,82,7.271055384839381
323,82,82,7.996368761138137
324,82,82,6.781570542950537
325,82,82,6.886541925044591
326,83,83,6.496535335289267
327,83,83,6.544768720349525
328,83,83,5.612008588757146
329,83,83,5.9210150639920185
330,84,83,6.506620269708405
331,84,84,7.3658905894364395
332,84,84,5.487180031280662
333,84,84,5.49232308692249
334,85,84,5.938142798985309
335,85,85,6.365523613807594
336,85,85,6.09874844942536
337,85,85,5.338897207403423
338,86,85,5.358301127971106
339,86,86,5.3953196567204635
340,86,86,5.312817871401348
341,86,86,3.6245444529061954
342,87,86,3.9968670508694997
343,87,86,5.256204609075021
344,87,87,3.9811504370445183
345,87,87,2.931120405504904
346,88,87,2.7492600964165863
347,88,88,4.724209187644859
348,88,88,2.9849453204704663
349,88,88,2.1869836398981786
350,89,88,3.469349334712459
351,89,88,4.1574711351597715
352,89,89,3.47199213192831
353,89,89,2.0773602329983656
354,90,89,1.7545561211906622
355,90,89,3.1923111233071144
356,90,90,4.37255848578938
357,90,90,2.565492969438263
358,91,90,0.5962555456476063
359,91,90,1.4183618219967324
360,91,90,3.3179874627826536
361,91,91,1.1955647440054011
362,92,91,0.8103341847597793
363,92,91,0.5722798316822824
364,92,91,2.564291114367157
365,92,91,4.883057581902079
366,93,92,0.8377488611091877
367,93,92,0.36204288578494503
368,93,92,0.9757127107888461
369,93,92,3.0385170244182262
370,94,93,4.088444324276648
371,94,93,1.6605936621565334
372,94,93,1.5552789762414612
373,94,93,5.113369525902568
374,95,94,3.737089803883573
375,95,94,3.1388716364938283
376,95,94,3.2871946008165667
377,95,94,3.8600604280520088
378,96,95,4.980307904806421
379,96,95,3.091011638213125
380,96,95,3.5849498342951556
381,96,95,4.52227252183856
382,97,96,3.3354133507139303
383,97,96,3.685681540911425
384,97,96,4.879720605228296
385,97,97,5.097383050110866
386,98,97,4.799230883974751
387,98,97,5.405895368381247
388,98,97,5.829836555129576
389,98,98,5.503744259498788
390,99,98,6.486413763458579
391,99,98,6.010155976333089
392,99,98,6.713587772814679
393,100,99,6.479137907227975
394,100,99,6.172828229439289
395,100,99,5.34457607190722
396,100,99,7.5563278343793545
397,101,100,5.567576144257804
398,101,100,5.26028452529873
399,101,100,6.988252101335511
400,101,101,6.989241836758818
401,102,101,5.7687216668044075
402,102,101,7.217813400420631
403,102,101,7.775240114344034
404,102,102,7.757969804895545
405,103,102,8.063930164606756
406,103,102,7.18490071909063
407,103,102,7.557263811311254
408,103,103,7.472825411878083
409,104,103,7.495198620810469
410,104,103,7.36455778617377
411,104,104,7.789767352099127
412,104,104,5.954313393561131
413,105,104,6.134224159608655
414,105,104,6.197890799866455
415,105,105,6.674077190457775
416,105,105,7.0396290970923125
417,106,105,7.425967199677792
418,106,106,4.316205540103328
419,106,106,7.445270877332421
420,106,106,4.674293108614781
421,107,106,5.305071312858414
422,107,106,3.501076239333408
423,107,107,5.03322401237169
424,107,107,3.6995163229376025
425,108,107,5.492401536893028
426,108,107,6.636488180950408
427,108,108,6.687525159627674
428,108,108,7.814650143934121
429,109,108,6.589026919527494
430,109,109,6.934853254488186
431,109,109,6.69760195510111
432,110,109,5.515357535316599
433,110,110,6.02525755334991
434,110,110,9.198045302502543
435,110,110,7.274201489050531
436,111,110,10.16765156812943
437,111,111,9.934574107064666
438,111,110,13.289758300809632
439,111,111,11.164715607926071
440,112,112,10.840489938235999
441,112,112,13.630557479573511
442,112,111,14.329718860255088
443,112,112,13.283559530105206
444,113,113,13.571285880048219
445,113,113,15.143423946547719
446,113,114,16.538383606597574
447,113,112,17.477429601619136
448,114,113,19.03424501956471
449,114,113,19.126171656957023
450,114,114,17.90604329188173
451,114,115,20.892181932802625
452,115,115,17.71385833632469
453,115,115,17.88007653794673
454,115,115,20.637085207260633
455,115,115,20.442893469133764
456,116,116,21.35264110642892
457,116,116,21.461313588045048
458,116,116,22.145329502656608
459,116,116,24.16565726188097
460,117,117,22.667754393386918
461,117,117,22.11585971939382
462,117,118,21.44691282118126
463,117,118,23.906641631808437
464,118,118,24.809371836413078
465,118,118,22.740077673598126
466,118,119,22.226322620414987
467,118,119,23.132863791546626
468,119,120,26.736452669031006
469,119,122,21.64529233386402
470,119,120,23.23335393176571
471,120,119,24.89114336595046
472,120,120,25.95528806517908
473,120,120,24.548509485866926
474,120,120,25.424801384933136
475,121,121,24.38355167894425
476,121,121,25.64131555350253
477,121,123,24.88098755966485
478,121,122,25.973349413070995
479,122,123,24.736935768071056
480,122,122,24.904466497358786
481,122,123,24.005359533809294
482,122,123,23.137423249319504
483,123,124,25.367698464800302
484,123,122,23.27801260497457
485,123,124,24.011753694277523
486,123,124,22.471417827344744
487,124,124,22.77244537287876
488,124,124,23.56576440247877
489,124,125,20.08798964723596
490,124,125,22.002384562628574
491,125,125,22.280859973849285
492,125,125,21.06941309076573
493,125,125,21.212702867474558
494,125,125,21.648556679497958
495,126,126,20.2032245632807
496,126,126,19.82205902861004
497,126,125,20.781903744334397
498,126,127,19.827953256335324
499,127,127,19.077325974150426
500,127,127,18.354160750113287
501,127,127,19.25525774540894
502,127,128,18.992632056328212
503,128,128,17.7942834426589
504,128,128,17.580473854999745
505,128,128,18.703027369957507
506,128,128,19.06857523407196
507,129,129,17.10179753500626
508,129,129,17.159812168569125
509,129,129,16.575323586171823
510,130,130,14.83602255632384
511,130,130,16.35852440219981
512,130,130,16.06261842686091
513,130,130,15.661992044827887
514,131,131,16.418914604511393
515,131,130,15.43236213723436
516,131,131,15.484556361739525
517,131,131,14.801644925095808
518,132,131,15.29810611558423
519,132,132,15.452130901835952
520,132,131,14.729616558240902
521,132,132,14.048705169683805
522,133,132,13.918181538260061
523,133,132,14.221549212117147
524,133,133,13.775373432619785
525,133,133,13.285538754628675
526,134,133,12.98979109959491
527,134,134,13.129585858174368
528,134,134,12.555864009943699
529,134,134,12.40591689836773
530,135,135,13.240928890126183
531,135,135,12.058021069532716
532,135,135,11.810949859051323
533,135,135,11.775679067740278
534,136,135,10.229278184807702
535,136,136,11.776268237296849
536,136,136,11.69931305805909
537,137,136,11.171293525406291
538,137,137,12.691851033752071
539,137,136,11.482594034116824
540,137,137,11.368225933642588
541,138,137,10.469039966531616
542,138,137,11.000177954535124
543,138,138,11.19913656876019
544,138,138,11.4578573697039
545,139,138,11.104894464965962
546,139,138,10.611314640891447
547,139,138,9.625479785233505
548,139,138,9.019953834734498
549,140,139,9.87957054811046
550,140,140,10.960953606999011
551,140,139,10.705632305855875
552,140,140,10.114123687290363
553,141,140,10.293543537767206
554,141,140,9.838983686457896
555,141,140,9.098165707114942
556,142,141,10.851482288501504
557,142,141,10.501667726733434
558,142,141,9.925911511824133
559,142,142,11.456808145955609
560,143,142,10.58045226246174
561,143,142,10.070655165411395
562,143,142,10.380411555095044
563,143,143,10.499348296527225
564,144,143,10.304510332360852
565,144,143,10.525251342789272
566,144,144,12.982886106996583
567,144,143,11.815924728174394
568,145,144,12.294281053024777
569,145,144,12.320102766487597
570,145,145,12.78598772823545
571,145,145,12.660461313314906
572,146,145,13.001232851099521
573,146,145,13.900869255281314
574,146,145,14.218824789918516
575,147,146,12.577085172733039
576,147,146,13.509943751018357
577,147,146,14.271229961232661
578,147,147,14.222638426693967
579,148,147,14.724502460347683
580,148,147,15.1844991266159
581,148,148,14.744238821181591
582,148,148,15.797236407671338
583,149,148,14.864509128784356
584,149,148,16.893179778586575
585,149,149,15.949397118865535
586,149,149,17.006104836375638
587,150,150,16.583410312781346
588,150,149,17.18907335259747
589,150,150,18.61750242167871
590,150,150,18.113811199400622
591,151,151,18.887776873420204
592,151,151,17.164019780332097
593,151,151,17.416641163904757
594,152,151,17.027600553273906
595,152,152,19.81613121565263
596,152,151,18.665236987672117
597,152,152,17.10567307516936
598,153,152,17.010359782254813
599,153,153,16.181578199832593
600,153,152,16.8389959182527
601,153,153,15.01432952291732
602,154,154,16.716909699568195
603,154,154,14.385172122577691
604,154,153,14.408792451646866
605,154,154,13.416757160027837
606,155,155,13.888098769639628
607,155,154,14.48933313176563
608,155,155,12.781561002295403
609,155,153,14.465588675688942
610,156,155,11.846396365345706
611,156,156,9.249524602532155
612,156,156,9.760478289535122
613,157,156,11.605242159637474
614,157,156,9.678417947014305
615,157,156,9.882008436560469
616,157,157,10.00342104751112
617,158,157,8.503901755994775
618,158,157,8.832994712582117
619,158,157,8.924181482059858
620,158,158,8.410817944949395
621,159,158,7.137020866744606
622,159,158,6.494961041205478
623,159,158,6.1228125572239875
624,159,158,5.496852107964241
625,160,159,5.651883552947003
626,160,159,5.040667692506098
627,160,159,5.947029823978756
628,160,160,3.588586816962325
629,161,160,4.875238150105284
630,161,160,5.924014134026518
631,161,160,5.475786323139542
632,162,161,4.0426548639311495
633,162,160,3.8985428773182385
634,162,161,2.886473616256485
635,162,161,4.365364718144675
636,163,161,3.420858145884078
637,163,162,3.0657589440659865
638,163,162,3.6785470055678884
639,163,162,3.9305959617745416
640,164,163,3.4801065130293702
641,164,163,2.0431759261521734
642,164,163,4.047013768539151
643,164,163,4.975609829136817
644,165,164,2.2154893894906906
645,165,164,1.9987377472516332
646,165,164,3.07783923363408
647,165,165,3.0312488349152353
648,166,165,2.4110249422046404
649,166,165,2.834539756424244
650,166,165,2.474204844822142
651,167,166,3.7170906804279293
652,167,166,3.330843171981389
653,167,166,2.707719227329175
654,167,166,5.551644744157817
655,168,167,4.158131698088557
656,168,167,4.277513730632217
657,168,167,4.7490504092912165
658,168,168,5.563644169225129
659,169,168,5.315884157243898
660,169,168,4.8273485730387575
661,169,168,6.281884699426053
662,169,169,6.106362836753934
663,170,169,5.774054195314839
664,170,169,6.766370003034941
665,170,169,4.90576159784399
666,170,169,6.298604080167102
667,171,170,6.553740693463761
668,171,170,7.58773602662012
669,171,170,5.711409919961666
670,172,169,6.778009661687669
671,172,171,7.321472555703277
672,172,171,7.683612002590208
673,172,172,7.403611895074288
674,173,172,7.484034522685147
675,173,172,6.756584869233037
676,173,172,8.503032132912
677,173,173,9.544979495006352
678,174,173,7.652315205087651
679,174,173,7.7063072590062
680,174,173,8.504086092327825
681,174,174,8.216337921651801
682,175,174,8.055309748022628
683,175,174,7.0682820516075475
684,175,174,9.278955813865338
685,176,175,7.511924693374895
686,176,175,7.674265333519535
687,176,175,7.894903505600959
688,176,176,8.836588359793746
689,177,175,8.236574737101712
690,177,176,7.797519995809817
691,177,176,7.278627683316066
692,177,176,8.626982156974254
693,178,177,9.069739324960494
694,178,177,9.055491337557953
695,178,177,7.381059752969764
696,178,178,9.429846495064949
697,179,177,7.6264147422695
698,179,178,7.081243608522797
699,179,178,8.56470690388484
700,180,178,9.040507825121617
701,180,179,7.697429338316663
702,180,179,8.214605141630846
703,180,179,6.984989145542264
704,181,180,5.2132994618364625
705,181,180,7.927784220787725
706,181,181,11.458297812925403
707,181,181,9.250805539469438
708,182,181,8.589519502069951
709,182,181,10.196539037970645
710,182,181,7.560781959470497
711,183,182,8.045291269177788
712,183,181,11.720636356056229
713,183,182,9.19078894008678
714,183,182,8.466602846472144
715,184,183,9.258440248306556
716,184,183,10.694111380698388
717,184,184,11.21341208614579
718,184,184,8.91352996828575
719,185,184,8.627087264338407
720,185,184,7.360437412237057
721,185,185,5.153546723060554
722,186,185,8.639026225822054
723,186,185,7.110173210055579
724,186,185,7.259903236324291
725,186,185,8.886018075725662
726,187,185,8.798436173722987
727,187,186,8.925371328436992
728,187,186,9.723521025103095
729,187,187,8.728157919543882
730,188,187,9.33632302675331
731,188,187,9.6158642840998
732,188,187,7.357664580287579
733,188,187,9.312215342892449
734,189,188,8.818803178116307
735,189,188,9.51347345078143
736,189,188,8.21153543866012
737,190,189,8.850747209274306
738,190,189,9.2217115372813
739,190,189,10.220760515204697
740,190,189,10.024491259978614
741,191,190,9.987113585009434
742,191,190,10.122895863844349
743,191,190,9.345868330549646
744,191,191,9.97296004640659
745,192,191,9.80899246925615
746,192,191,9.871573942303497
747,192,192,11.419660027335796
748,193,191,11.722442275515665
749,193,192,9.442754656149107
750,193,192,9.274674602623483
751,193,193,11.553999174371937
752,194,193,10.207038039692165
753,194,193,10.505296741741539
754,194,193,10.374087353872328
755,194,193,10.602443424804813
756,195,194,10.356078729727084
757,195,194,10.63866058467935
758,195,194,10.343056339854005
759,196,195,10.147722073409062
760,196,195,10.14821943804484
761,196,195,8.645907966189192
762,196,195,10.571105304138449
763,197,195,8.922367086369524
764,197,196,10.296757308486528
765,197,196,8.733694689287587
766,197,197,8.909922739410774
767,198,197,9.030746534419334
768,198,197,8.426366363991256
769,198,197,7.56137363771222
770,199,198,9.70858366885308
771,199,198,8.086439165344757
772,199,198,8.469299004340636
773,199,199,9.145926716607919
774,200,199,7.736824831084524
775,200,199,8.051179847597199
776,200,199,8.656170814880682
777,200,200,8.960607892727486
778,201,200,8.862615049250392
779,201,200,8.777803761620321
780,201,201,9.374835978267738
781,202,201,9.871040194196869
782,202,200,8.508320981170012
783,202,201,9.248610003369759
784,202,202,9.881170269741675
785,203,202,9.307657649704026
786,203,202,9.125527096615334
787,203,202,9.379313491433159
788,204,203,10.523159048295192
789,204,203,10.898877281765772
790,204,203,10.105368613078559
791,204,204,9.951579281794428
792,205,204,10.455829721398999
793,205,204,9.150075889009624
794,205,204,8.58340307179399
795,205,205,9.97323582355313
796,206,205,9.205156556044113
797,206,205,9.814772164606115
798,206,205,10.099982999026814
799,207,206,9.487370409915183
800,207,206,9.497418771792052
801,207,206,9.421106174307418
802,207,207,9.62049508035087
803,208,207,8.194490842821336
804,208,207,7.983961280557175
805,208,208,9.055796097247756
806,209,208,8.750645702083386
807,209,207,8.671317571756552
808,209,208,8.14198339666146
809,209,208,7.11596647079278
810,210,209,8.283276923822761
811,210,209,7.944316567161124
812,210,209,7.451761400739839
813,210,209,7.4706716801255855
814,211,209,8.683131341638777
815,211,210,8.692142918862691
816,211,210,9.163040826055367
817,212,210,10.288496811840659
818,212,211,8.415708413706247
819,212,211,9.007819598080687
820,212,211,9.581198751031666
821,213,211,9.550952821550315
822,213,212,8.566420810973586
823,213,212,8.610477270421423
824,214,212,9.767655943088773
825,214,213,10.234067855033953
826,214,213,9.211204634794612
827,214,213,9.386858798414783
828,215,214,10.493674577495915
829,215,214,9.793607763663127
830,215,214,9.452243483799379
831,215,215,9.82219094435409
832,216,215,11.022275935806691
833,216,215,9.79066786724183
834,216,215,10.107793284297927
835,217,216,10.52906012328907
836,217,216,10.422135976842435
837,217,216,9.97567829130408
838,217,217,11.212342743351691
839,218,217,11.107994582003228
840,218,217,10.885512327158366
841,218,217,10.613643997723832
842,219,218,10.910008682381239
843,219,218,10.896408865290182
844,219,218,11.137208376414044
845,219,219,12.06574311505659
846,220,218,10.868509613812675
847,220,219,11.172174955733245
848,220,219,10.73831464304377
849,221,220,11.237260462799648
850,221,220,10.692192091309176
851,221,220,10.80225452514069
852,221,221,10.406146803588443
853,222,221,9.720077233433416
854,222,221,9.857838182568274
855,222,221,10.22327061993208
856,223,222,9.654484289682498
857,223,222,8.937468495372826
858,223,222,9.627660157617711
859,223,223,9.386657932626596
860,224,223,8.6900315283137
861,224,223,8.827005972162572
862,224,223,8.641022008916732
863,225,224,7.760454710946408
864,225,224,8.035405101551051
865,225,224,8.84105121949807
866,225,225,8.586961684831909
867,226,225,7.8981633020980935
868,226,225,7.549478751827717
869,226,225,8.060703484054509
870,227,226,7.943999199348246
871,227,226,7.596491925752002
872,227,226,8.000338555847856
873,227,227,8.60690768105916
874,228,227,7.377116403055427
875,228,227,7.697712536348894
876,228,227,8.144020308175378
877,229,228,7.1196602794603026
878,229,228,8.47444163387716
879,229,228,8.459734082400422
880,229,229,7.950918076641371
881,230,229,8.779481267557372
882,230,229,9.065768923553614
883,230,230,9.033406395484134
884,231,230,9.109478077483706
885,231,230,10.350082064268312
886,231,231,9.804768547555692
887,231,231,9.919353790394076
888,232,231,10.361297667206465
889,232,232,11.110656965180787
890,232,232,10.8942703798933
891,233,232,11.026330474419575
892,233,232,11.232214716540474
893,233,233,11.240898599491395
894,233,233,11.244026905937632
895,234,233,12.426592655545807
896,234,234,12.152946229476921
897,234,234,11.477918775902822
898,235,234,11.961435990392072
899,235,235,13.137486166089621
900,235,235,12.292233410382053
901,235,236,12.90859357278314
902,236,236,13.106535357246422
903,236,236,12.836973939404478
904,236,236,13.154901804622229
905,237,237,12.687896812194406
906,237,237,13.196178351001882
907,237,237,14.285223150605162
908,237,238,13.86466852134671
909,238,238,14.31628007901502
910,238,238,13.551040060492257
911,238,238,14.508903254528313
912,239,239,14.127093177849693
913,239,239,13.81645235211046
914,239,240,15.394753960168734
915,239,240,14.8430548574938
916,240,240,14.56014139282743
917,240,240,14.579393976800672
918,240,240,15.090832431496807
919,240,240,15.632584649300757
920,241,241,14.655573700445954
921,241,241,14.747645725233076
922,241,242,15.122513846832838
923,242,242,13.854704516263274
924,242,242,14.347747515699188
925,242,243,14.467343266433359
926,242,243,15.384908781032419
927,243,243,14.142352133768295
928,243,243,13.97037222510835
929,243,243,13.934463210449206
930,244,244,13.811968334105131
931,244,244,11.812658851745715
932,244,244,11.98455063170602
933,244,244,13.203397934430221
934,245,244,12.17779919647036
935,245,245,11.707499827817701
936,245,245,10.722571952437221
937,245,245,11.701596451875837
938,246,246,11.797363406032192
939,246,246,10.79701312214429
940,246,246,9.73341836375429
941,247,246,11.163241028010786
942,247,246,9.002611423226076
943,247,247,9.490467513014886
944,247,247,9.052533600002652
945,248,247,10.38892580181417
946,248,247,8.53492991422322
947,248,248,9.623957344026122
948,248,248,8.117590089876304
949,249,248,7.684651799714626
950,249,249,9.529930631946012
951,249,249,7.504884464044861
952,250,249,7.220504612347211
953,250,249,7.241270387402924
954,250,249,8.288624807717461
955,250,250,10.044752810860828
956,251,250,8.854310515780272
957,251,250,7.98918955602341
958,251,251,8.843540111682273
959,252,251,7.401035009486892
960,252,251,8.214041087195636
961,252,252,9.606436573720117
962,252,252,6.561316665188147
963,253,252,8.251224443961533
964,253,253,9.377446637134165
965,253,252,9.104778078176471
966,253,253,8.53496077025413
967,254,253,9.235268662510622
968,254,253,9.923459181532339
969,254,254,8.925668338889938
970,255,254,10.13347357424224
971,255,255,9.91316284975285
972,255,255,9.163950795809964
973,255,255,9.378541468698753
974,256,256,10.120925710999549
975,256,256,9.606293490035545
976,256,256,10.46244767926672
977,257,256,9.292950475395873
978,257,257,11.143077135279393
979,257,257,9.938014483877668
980,257,257,9.729750929551502
981,258,257,10.48971374882333
982,258,258,10.529806077760803
983,258,258,9.994488809773154
984,258,258,8.613657801167673
985,259,258,9.754283967656358
986,259,258,9.310667931896727
987,259,259,8.884200186628942
988,260,259,9.64254010579391
989,260,260,9.9713948480435
990,260,260,8.435410114615204
991,260,260,7.514533663205341
992,261,260,9.501595008792053
993,261,261,8.984450872582915
994,261,261,8.609603486343662
995,262,261,7.244132663717804
996,262,261,8.050573375987515
997,262,261,8.080974929796295
998,262,262,6.625330298918147
999,263,262,6.417528953233405
1000,263,262,6.564004232161735
1001,263,263,7.705606713905524
1002,263,263,4.3987516027547695
1003,264,263,4.018859558574727
1004,264,263,5.510752406365173
1005,264,264,6.390938699160644
1006,265,264,3.3689163522088186
1007,265,264,3.295835915608266
1008,265,265,5.5906522550061455
1009,265,265,4.21578742812196
1010,266,265,3.7467687178544353
1011,266,265,5.06511870842788
1012,266,265,4.3693697232877735
1013,267,266,3.672354846568883
1014,267,266,0.6049843228827764
1015,267,266,3.3086459275790534
1016,267,266,3.729855077008888
1017,268,267,1.23999628765257
1018,268,267,0.8383185982050066
1019,268,267,3.606421004835334
1020,269,268,3.0817268887166858
1021,269,268,0.8125227425789798
1022,269,268,3.142555062066831
1023,269,268,3.76786934170734
1024,270,269,2.4092686317047325
1025,270,269,2.501807837135405
1026,270,269,3.146090540318584
1027,271,270,4.396554766065617
1028,271,270,2.8311339792051737
1029,271,270,2.1241748700612484
1030,271,270,3.0397658037344084
1031,272,271,1.986596884175862
1032,272,271,2.237369343946464
1033,272,271,4.463497835134984
1034,273,271,4.6718490829526855
1035,273,272,2.557310562576768
1036,273,272,4.015146202625698
1037,273,272,4.630443502462588
1038,274,273,3.8618420588161895
1039,274,273,3.2079740535942634
1040,274,273,4.992525768428017
1041,275,273,6.058035915158921
1042,275,274,6.339842481358344
1043,275,274,4.391313994140905
1044,275,274,4.150637810926542
1045,276,274,6.522382333822735
1046,276,275,5.3795133308896785
1047,276,275,5.736602633138314
1048,277,276,6.015864209061276
1049,277,276,6.225785030192141
1050,277,276,6.053733763737881
1051,277,276,7.700576950713779
1052,278,277,3.3181631304027217
1053,278,278,7.755387272350612
1054,278,277,5.890132833200835
1055,279,278,3.7529571677928284
1056,279,278,6.1889007094876805
1057,279,278,7.105918370187064
1058,279,278,8.025547448339841
1059,280,279,6.799120259948575
1060,280,279,6.280467612996441
1061,280,279,5.256617172037208
1062,281,279,5.536544563848199
1063,281,280,6.566781131213205
1064,281,280,7.048219819384004
1065,281,281,7.802702328142581
1066,282,281,6.5944102286986235
1067,282,280,7.554735517109614
1068,282,282,6.586107955288097
1069,283,281,8.686678895449127
1070,283,282,5.074638250069134
1071,283,283,10.809828992499632
1072,283,283,6.857492524173458
1073,284,282,7.6534258115720055
1074,284,283,8.188827140296123
1075,284,283,6.581834121947823
1076,285,284,8.941863455727125
1077,285,284,7.317788088177842
1078,285,283,10.958642542780606
1079,285,284,9.719272332334244
1080,286,285,6.8149104909242775
1081,286,285,6.865594262719314
1082,286,285,9.018178093273624
1083,287,287,5.688544000974883
1084,287,286,7.4301997359605005
1085,287,287,6.955191752389
1086,287,287,5.567974630054063
1087,288,287,7.41059316361473
1088,288,287,6.895537998961895
1089,288,287,8.118161277264026
1090,289,288,6.746425385422538
1091,289,288,5.285476017423066
1092,289,288,4.975212641892372
1093,289,289,6.831933452024894
1094,290,289,6.175021329172342
1095,290,289,7.440079643776496
1096,290,289,5.367190648221844
1097,291,289,6.79359031886614
1098,291,290,5.966953747724256
1099,291,290,3.857915190534526
1100,291,290,6.257649804779417
1101,292,290,6.259288295488272
1102,292,291,2.1218791238544967
1103,292,291,2.771192250681983
1104,293,291,2.554145677242726
1105,293,292,1.0888133341735595
1106,293,292,0.46191312117410116
1107,293,292,0.5820626503999654
1108,294,293,3.179039776959252
1109,294,293,3.010535783904731
1110,294,294,6.028693994102142
1111,295,294,2.090284212267635
1112,295,294,0.6156280855329792
1113,295,294,1.5429136910189438
1114,295,295,2.676520177314732
1115,296,295,1.186261170275864
1116,296,295,2.1428151332657857
1117,296,295,2.658080817878441
1118,297,296,2.1321363845714663
1119,297,296,2.4364277454402554
1120,297,297,4.246854096656925
1121,297,297,2.7811443332413064
1122,298,297,3.9271560315293352
1123,298,298,0.7580920066815122
1124,298,299,3.3926689090541395
1125,299,298,3.913340479476812
1126,299,298,0.9855938471849178
1127,299,298,2.5494339460917614
1128,299,298,5.56775845638106
1129,300,299,5.013755617479807
1130,300,299,1.1721135472849722
1131,300,300,5.568300354935232
1132,301,299,7.742939831274195
1133,301,301,5.164843147574937
1134,301,301,6.514461731133023
1135,301,300,2.1128379269518387
1136,302,303,2.0334980347233937
1137,302,302,2.5461910978210343
1138,302,302,3.305808554453899
1139,303,302,6.446827542953865
1140,303,303,0.4353645100220266
1141,303,303,6.319289273642544
1142,303,302,5.585544739537618
1143,304,303,1.975532777161059
1144,304,303,5.914473573555052
1145,304,303,5.124745747196103
1146,305,304,5.5798612077775385
1147,305,304,5.5898778770121105
1148,305,305,6.797960510598982
1149,305,306,6.566945273774634
1150,306,306,4.474000801600912
1151,306,306,5.609140347611805
1152,306,306,4.231147014124288
1153,307,306,2.382717497304117
1154,307,307,6.795548141648921
1155,307,307,6.053749785277094
1156,307,307,3.2611178056544468
1157,308,307,4.225792766478833
1158,308,308,5.63815171038327
1159,308,308,3.2906897023811794
1160,309,308,1.767056593696768
1161,309,308,3.2418010530552324
1162,309,309,4.199085934556834
1163,309,309,2.2542533363476718
1164,310,309,3.339042612174669
1165,310,310,4.544620025723307
1166,310,310,2.396456123106243
1167,311,310,3.281767800217795
1168,311,310,6.99517624109966
1169,311,311,4.161563116622201
1170,311,311,2.7834967311957035
1171,312,311,4.280468665933408
1172,312,312,5.7815334396577915
1173,312,312,6.23050020996211
1174,313,312,7.331177393055447
1175,313,313,5.975239250113646
1176,313,313,4.795605033005277
1177,313,313,4.116403265048308
1178,314,313,5.050322903159263
1179,314,314,4.802185089363107
1180,314,314,5.955651245304964
1181,315,314,6.570747329950618
1182,315,314,6.517816069721798
1183,315,315,6.682559366441528
1184,315,315,4.720154434502981
1185,316,315,7.169518122616071
1186,316,316,5.236589186258371
1187,316,316,9.79263327242361
1188,317,316,7.377622675997043
1189,317,317,6.833953444246037
1190,317,317,6.835413324320558
1191,317,317,5.817075733292292
1192,318,318,7.909552453744325
1193,318,318,6.713241363297386
1194,318,318,8.680837336364629
1195,319,318,8.459022366386792
1196,319,319,6.4313676360333005
1197,319,319,5.825414077148485
1198,319,319,8.017466489257009
1199,320,320,7.081181906737867
1200,320,319,8.921792782177219
1201,320,320,6.580415365294148
1202,321,320,6.629627116461376
1203,321,320,7.446522091471133
1204,321,321,8.079810639203746
1205,321,321,6.832252996008265
1206,322,321,4.191769971118882
1207,322,321,6.7012630531387956
1208,322,322,3.741530389852339
1209,323,322,5.513571931525719
1210,323,322,6.153792001663586
1211,323,323,6.18389079533926
1212,323,323,3.4465696092149942
1213,324,324,5.592227343994283
1214,324,324,5.312494871302716
1215,324,324,5.285900886455108
1216,325,325,4.959357078486589
1217,325,324,3.4698233243343046
1218,325,325,7.485792337076137
1219,325,326,6.753148273028556
1220,326,326,2.9514075053967437
1221,326,326,4.00349282182984
1222,326,326,2.0969933118465964
1223,327,327,3.8324150387673286
1224,327,327,2.0851322544232413
1225,327,327,2.0746776364269306
1226,327,328,4.33770084567785
1227,328,328,3.330995906430651
1228,328,328,0.8506710129563957
1229,328,328,3.629494564860773
1230,329,329,4.017661841886643
1231,329,329,1.019511426838223
1232,329,329,1.7083423398273418
1233,329,329,3.188533203861823
1234,330,330,1.9366651924760725
1235,330,330,4.501931520733951
1236,330,331,2.7139984186660695
1237,331,331,2.1941992486379225
1238,331,331,2.9498033451397916
1239,331,332,4.522478274895418
1240,331,332,2.3879126055941544
1241,332,332,4.180844975793937
1242,332,332,5.927214192280159
1243,332,333,4.36536885202143
1244,333,333,3.5858697925423804
1245,333,334,4.880420549390437
1246,333,334,1.9771377024900372
1247,333,334,4.364206154799904
1248,334,334,4.155910870831764
1249,334,335,3.4484659717600405
1250,334,335,4.530181591965854
1251,335,336,5.192525721082488
1252,335,336,3.843645603288194
1253,335,336,2.9489117082417997
1254,335,336,5.844443110573578
1255,336,337,4.11589617292139
1256,336,337,4.340144130758482
1257,336,337,4.19391577309792
1258,337,338,5.03465771043392
1259,337,338,4.257228518277881
1260,337,338,5.160739933216336
1261,337,338,5.652690865135556
1262,338,339,4.294550520680576
1263,338,339,4.1965971517464675
1264,338,339,4.402202399070699
1265,339,340,5.726281902842249
1266,339,340,4.22417664276403
1267,339,340,4.674759861230345
1268,339,340,4.705799525553541
1269,340,341,5.368504670547496
1270,340,341,4.934695457641549
1271,340,341,5.58456618586419
1272,341,342,5.906097530242564
1273,341,342,4.356139344499949
1274,341,342,5.734811510365555
1275,341,342,5.734993687401954
1276,342,343,5.411099808228607
1277,342,343,5.278425187159444
1278,342,343,6.683307476868927
1279,343,344,7.571430000441574
1280,343,344,5.6700028545486685
1281,343,344,5.5790727811133065
1282,343,344,4.861495921703553
1283,344,345,7.980000747217859
1284,344,345,6.951018044717042
1285,344,345,8.153353250235742
1286,345,346,7.848293263932957
1287,345,346,6.79809059921021
1288,345,346,7.3104916919580525
1289,345,346,8.39117350152976
1290,346,346,7.446009922376844
1291,346,347,8.982079467252495
1292,346,347,8.254561065702099
1293,347,347,9.557643006258129
1294,347,348,9.199132079755897
1295,347,348,8.616725453657137
1296,347,348,9.548301790947267
1297,348,348,9.897804465599044
1298,348,349,10.226539235404712
1299,348,349,10.24274862567229
1300,349,349,8.128439237716071
1301,349,349,9.748037921771568
1302,349,350,9.080452662657766
1303,349,350,9.351223556862733
1304,350,350,7.822818202302213
1305,350,350,11.894886395382013
1306,350,350,9.069627516103713
1307,351,351,8.580997632298825
1308,351,351,8.38472685355371
1309,351,351,8.617972329197928
1310,351,352,6.916611786676629
1311,352,352,8.13705700127419
1312,352,352,7.234291263051544
1313,352,352,7.634324275925623
1314,353,352,8.55951892579763
1315,353,353,7.895468857347816
1316,353,353,8.331849121769842
1317,353,353,6.695506067163245
1318,354,354,7.450917762145452
1319,354,354,7.978347034016241
1320,354,354,5.926963212891144
1321,355,354,7.427575698374388
1322,355,355,7.888474172460375
1323,355,355,5.6318895626971255
1324,355,355,6.519101069443406
1325,356,356,6.840110405770747
1326,356,356,8.441458926443758
1327,356,356,7.355885164575758
1328,357,356,7.101961493971744
1329,357,357,8.069082751535511
1330,357,357,6.155230912167269
1331,357,357,9.229699196392048
1332,358,357,8.014370187424827
1333,358,358,8.19496513655636
1334,358,358,8.209045381977914
1335,359,358,9.055985766277074
1336,359,359,8.944183231169234
1337,359,359,9.419537282705926
1338,359,359,9.689092362631238
1339,360,360,8.706080279767974
1340,360,360,10.033275018839241
1341,360,361,10.220362097115984
1342,361,361,9.976949264093744
1343,361,361,9.133169604406927
1344,361,361,10.443533192179402
1345,361,362,9.686868920149927
1346,362,362,11.526526761427009
1347,362,362,10.043233902479864
1348,362,362,11.24841398966515
1349,363,362,10.884088465535195
1350,363,363,10.31663944006519
1351,363,363,10.644824297014322
1352,363,363,12.10513124623624
1353,364,364,10.259483941008154
1354,364,364,9.33010053463507
1355,364,365,10.50253471482715
1356,365,364,10.209042917848295
1357,365,365,10.250688503928208
1358,365,365,10.029392632219524
1359,365,366,10.177151200531174
1360,366,366,8.732657720368875
1361,366,365,7.321769012275985
1362,366,366,6.906474129060803
1363,367,367,9.332823117940857
1364,367,367,5.608533218183405
1365,367,367,9.355344222811391
1366,367,368,4.180553654053986
1367,368,368,6.665818071253207
1368,368,378,7.824529881644218
1369,368,375,4.472908281562476
1370,369,377,3.2889570401457564
1371,369,381,8.51589221557307
1372,369,386,11.248532014096158
1373,369,381,13.787142356539299
1374,370,389,8.098371862672098
1375,370,380,13.781631066232189
1376,370,381,4.770525752598033
1377,371,378,9.432695293565338
1378,371,370,9.140376209030226
1379,371,371,7.815429535341696
1380,371,372,2.6274855234188563
1381,372,375,21.48297638381881
1382,372,371,8.847100810564472
1383,372,370,8.694419123052835
1384,373,373,5.692146169722779
1385,373,382,9.171615803877032
1386,373,373,9.438488138969912
1387,373,373,6.791386568687136
1388,374,382,13.213107391605437
1389,374,382,9.90774246554552
1390,374,373,10.097693801548122
1391,375,375,12.918856594937173
1392,375,372,13.19009117566515
1393,375,374,6.338566561778817
1394,375,382,8.933738817943249
1395,376,378,5.228396822464405
1396,376,374,13.121432707885191
1397,376,378,9.378094715661803
1398,377,375,8.260444640827895
1399,377,374,10.910764533185569
1400,377,380,3.1018288724163376
1401,377,377,9.591513426297293
1402,378,377,14.309805773267284
1403,378,377,11.15406922820102
1404,378,377,8.994155250582986
1405,379,379,12.16271636384956
1406,379,379,11.604110447286459
1407,379,378,10.642762407817916
1408,379,379,7.377957469239684
1409,380,380,7.944414328046673
1410,380,375,6.964134318776006
1411,380,381,9.070344216803035
1412,381,380,10.071588874535813
1413,381,381,14.395564241535165
1414,381,380,11.590527094445322
1415,381,382,7.731236878699701
1416,382,383,6.299017515075216
1417,382,380,6.887523959568707
1418,382,380,6.13442691321866
1419,383,382,10.479531963779642
1420,383,382,7.832781094774654
1421,383,381,14.877257007214
1422,383,384,6.9045959427485135
1423,384,384,7.108642586415648
1424,384,385,9.567657802212118
1425,384,383,10.24035759164513
1426,385,384,6.483019879836167
1427,385,385,10.289850618540488
1428,385,385,5.447400466882603
1429,385,386,5.029064250821792
1430,386,386,7.674389277241191
1431,386,386,7.220788076080703
1432,386,386,7.6189562568479845
1433,387,386,7.169492994381436
1434,387,386,6.9849122492878095
1435,387,387,7.225520327415567
1436,387,387,7.075091386196965
1437,388,387,6.315447689791378
1438,388,388,6.5540768364253665
1439,388,388,6.773168276659338
1440,389,389,8.25941053030321
1441,389,388,9.35112817277731
1442,389,389,8.269195515250741
1443,389,390,7.651288553655003
1444,390,390,7.180465420679362
1445,390,392,5.5510336196827685
1446,390,390,5.28733402350238
1447,391,391,6.872192907547646
1448,391,391,6.564737678997013
1449,391,392,8.399367910471115
1450,391,392,6.114210714258161
1451,392,392,4.217037137211474
1452,392,393,6.591784773237104
1453,392,392,6.4451766393532
1454,393,394,6.887751453918224
1455,393,394,5.570818618124286
1456,393,394,5.687760104976384
1457,393,393,6.166879618169289
1458,394,394,6.568281207305793
1459,394,395,3.7323931266817465
1460,394,394,6.574733636691051
1461,395,394,9.86391517983798
1462,395,394,7.6112245741113504
1463,395,395,6.071590353771063
1464,395,395,6.623266395831173
1465,396,395,5.910950243716137
1466,396,396,7.005284084536975
1467,396,396,5.9628185581367035
1468,397,396,7.264530163923556
1469,397,397,8.181294132906915
1470,397,396,6.720991835522089
1471,397,397,8.497556409773612
1472,398,397,8.184465073393918
1473,398,398,9.524548208136759
1474,398,398,6.555258018170496
1475,399,397,3.6541355890132565
1476,399,398,5.559716885037714
1477,399,398,6.497189326413261
1478,399,398,2.733008601286619
1479,400,399,7.340557930896218
1480,400,399,4.4510141966129115
1481,400,399,4.801136858461097
1482,401,400,5.855377902273505
1483,401,400,5.084190266185966
1484,401,400,5.694044210216878
1485,401,401,6.578878853287672
1486,402,401,4.8691801351879125
1487,402,401,4.30202741863264
1488,402,402,6.41828218169687
1489,403,402,3.7713914126476586
1490,403,402,6.146999208549176
1491,403,402,5.637449340953004
1492,403,403,4.620309368008931
1493,404,403,4.478116032841365
1494,404,403,6.000707618007631
1495,404,404,5.556959575573364
1496,405,404,4.309801536688295
1497,405,404,6.169473702021457
1498,405,405,4.864164784214536
1499,405,405,3.990575333340021
1500,406,405,4.460451963368508
1501,406,406,5.23041810506475
1502,406,406,4.699978361669854
1503,407,406,3.6134611077908843
1504,407,406,4.869093564526603
1505,407,407,5.152553827151255
1506,407,407,4.113362809091052
1507,408,407,4.049092775608591
1508,408,408,4.848224032424753
1509,408,408,3.543558621964181
1510,409,408,3.9104305630146414
1511,409,408,4.721239580957487
1512,409,409,4.5924909060887655
1513,409,409,3.692846484318523
1514,410,409,3.853507237744279
1515,410,409,5.004050494185778
1516,410,410,4.174890969490469
1517,411,410,4.3263670081333645
1518,411,410,4.249614199342092
1519,411,411,4.920051313715836
1520,411,411,5.013469852195591
1521,412,411,3.9471500001462165
1522,412,411,5.391029700368211
1523,412,412,5.29716742361213
1524,413,412,3.553918284331672
1525,413,412,4.151742504361463
1526,413,412,4.91131821308222
1527,413,413,3.2697885616005604
1528,414,413,3.584497484596118
1529,414,413,5.2896555395051905
1530,414,414,4.128878851960262
1531,415,414,4.955914996444058
1532,415,414,3.4002576825090145
1533,415,414,5.641146509041634
1534,415,415,5.046352543049605
1535,416,415,4.035425371979754
1536,416,415,4.625797573700272
1537,416,415,5.599817780664523
1538,417,416,4.339039986845503
1539,417,416,5.091606270753974
1540,417,416,5.897720440267661
1541,417,417,5.349282309098684
1542,418,417,4.479945596460477
1543,418,417,5.206757134773274
1544,418,418,5.796917447554441
1545,419,418,3.580763290593078
1546,419,418,4.075666027972687
1547,419,418,5.35230634265978
1548,419,419,5.800168837966721
1549,420,419,4.4835770663484675
1550,420,419,2.213025515143236
1551,420,420,5.215095094547722
1552,421,420,3.9605774143246286
1553,421,420,3.221031758702223
1554,421,420,4.367121972385107
1555,421,421,3.490736934063649
1556,422,421,2.5120967953989553
1557,422,421,2.62366990490266
1558,422,422,4.852863557863192
1559,423,422,3.7645110475778343
1560,423,422,2.169799949764027
1561,423,422,3.53475216365957
1562,423,423,4.4478255282019505
1563,424,423,2.392992800617956
1564,424,423,4.300453679252463
1565,424,424,4.945370019183487
1566,425,424,2.463813282671401
1567,425,424,1.8856030358628486
1568,425,424,3.2427262432033213
1569,425,425,3.576856179846507
1570,426,425,2.9619322361028537
1571,426,425,2.5255480145729203
1572,426,425,5.496295405038855
1573,427,426,3.6269069811223495
1574,427,426,2.7485803020403363
1575,427,426,2.240998505828172
1576,427,427,4.021192226804539
1577,428,427,1.2506143175195352
1578,428,427,0.5298063662893412
1579,428,427,2.179884415024304
1580,429,428,3.863790873864549
1581,429,428,3.3023109623293
1582,429,428,1.388259180528976
1583,429,428,3.6725613695708748
1584,430,429,4.493276193780023
1585,430,429,1.8140816172830558
1586,430,429,0.5457886329949976
1587,431,429,3.318851505820371
1588,431,430,3.1223856076577787
1589,431,430,1.1721681348425046
1590,431,430,2.761616268629333
1591,432,431,4.2496029194663505
1592,432,431,0.9640758892898655
1593,432,431,2.1864973640527174
1594,433,431,3.419477209091925
1595,433,432,2.992084077355055
1596,433,432,1.2119107177430397
1597,433,432,3.657937031571959
1598,434,433,4.486572551313423
1599,434,433,0.7775631474356467
1600,434,433,1.5555768510329346
1601,435,434,3.2109379706192427
1602,435,434,1.6655441833312732
1603,435,434,0.9268322299308933
1604,435,434,2.760582456146307
1605,436,435,3.5382586157895624
1606,436,435,1.9792322995548843
1607,436,435,1.9727951752730015
1608,437,436,3.5682181064713965
1609,437,436,3.950964933781695
1610,437,436,2.588232088166331
1611,437,436,3.776691754306125
1612,438,437,4.130143486808008
1613,438,437,1.500641349497766
1614,438,437,2.2210810656026854
1615,439,438,3.01180187097032
1616,439,438,2.770241941691807
1617,439,438,2.709501114917696
1618,439,439,1.663655796421729
1619,440,439,2.7198757495832115
1620,440,439,3.5201672547360054
1621,440,439,3.9847659080545657
1622,441,440,3.094384779367749
1623,441,440,1.9953148913000418
1624,441,440,3.9463298710124572
1625,441,441,4.528341889304295
1626,442,441,3.6404860327317996
1627,442,441,2.8487324984922706
1628,442,442,3.7339642074527117
1629,443,442,1.9185540240176053
1630,443,442,2.785315959995586
1631,443,443,3.3833340965554997
1632,444,443,2.994081387826949
1633,444,443,2.362003348246938
1634,444,444,4.681103830875982
1635,444,444,2.8799939912273085
1636,445,444,4.081653467890896
1637,445,444,4.675283966379488
1638,445,445,2.8236635879391114
1639,446,445,2.6073783188768926
1640,446,445,3.95403816246392
1641,446,446,3.039937565411501
1642,446,446,2.6048665555825097
1643,447,446,3.121767634129876
1644,447,446,4.217355670474155
1645,447,447,5.065641141428711
1646,448,447,2.0999732926940546
1647,448,448,4.676790716693404
1648,448,448,3.4321673285762535
1649,449,448,3.511410602644509
1650,449,449,4.8046451109764705
1651,449,449,3.464818865618228
1652,449,449,2.919281542458772
1653,450,449,4.048718281580603
1654,450,450,3.9967053847306353
1655,450,450,3.1307612946714483
1656,451,450,4.127910643581703
1657,451,451,4.728942168611429
1658,451,451,3.5964015849097772
1659,452,451,4.222764063583831
1660,452,452,5.723109610322421
1661,452,452,3.2588454997328693
1662,452,452,5.407281326974598
1663,453,452,4.831575504716769
1664,453,453,5.287259806974018
1665,453,453,3.9289574749917415
1666,454,453,5.885389643188361
1667,454,453,5.5153415176890155
1668,454,454,5.201859815747254
1669,454,454,5.12022951620596
1670,455,455,6.234218585987366
1671,455,455,5.117692273301458
1672,455,455,4.8812314751894545
1673,456,455,5.825292528213394
1674,456,456,6.234566772385489
1675,456,456,4.8990536336537
1676,457,456,5.29535376495438
1677,457,456,5.487603477141927
1678,457,457,4.261670316908062
1679,457,457,5.9274616820733685
1680,458,457,5.867083076673696
1681,458,458,6.144967468657443
1682,458,458,4.996875014979441
1683,458,458,4.418507531805228
